ID,name,gender,country,school
1,Sofia Smith,Female,Brazil,IIT Bombay
2,William Patel,Female,Argentina,Trinity College Dublin
3,Noah Walker,Male,France,Harvard University
4,Liam Lee,Female,France,University of Sydney
5,James Kim,Female,Netherlands,University of Lahore
6,Luna Smith,Female,India,University of Oslo
7,Liam Johnson,Male,Mexico,University of Oxford
8,Benjamin Rodriguez,Female,Singapore,Seoul National University
9,Liam Davis,Male,Germany,Sorbonne University
10,Charlotte Nguyen,Female,Chile,IIT Bombay
11,Lily Taylor,Female,Vietnam,Uppsala University
12,Emma Wright,Male,Chile,University of Barcelona
13,Lily Singh,Male,Canada,Sorbonne University
14,Liam Wright,Male,Canada,Harvard University
15,Alexander White,Male,United Kingdom,National University of Singapore
16,Evelyn Thompson,Female,Netherlands,National University of Singapore
17,Oliver Singh,Female,Germany,Technical University of Munich
18,Amelia Davis,Female,Japan,University of the Philippines
19,Ethan Kim,Male,Japan,Uppsala University
20,James Wright,Male,Pakistan,University of Cape Town
21,James Kim,Male,France,Peking University
22,Mason Khan,Female,France,Trinity College Dublin
23,Amelia Wilson,Male,Chile,Sorbonne University
24,Evelyn White,Male,Australia,University of Cape Town
25,Noah Walker,Male,Italy,University of Buenos Aires
26,Sophia Wright,Male,United Kingdom,University of Oxford
27,Liam Taylor,Male,Argentina,Seoul National University
28,Ava White,Female,Canada,University of Hanoi
29,Isabella Johnson,Male,Japan,MIT
30,Lucas Wright,Male,Ireland,University of Bologna
31,Mia White,Female,India,Sorbonne University
32,Luna Thompson,Female,Pakistan,University of Sydney
33,Charlotte Singh,Female,China,University of Buenos Aires
34,Amelia Khan,Female,Sweden,University of Lahore
35,Noah Gonzalez,Male,Brazil,MIT
36,Noah Garcia,Female,Brazil,University of Amsterdam
37,Emma Perez,Male,Spain,Harvard University
38,Luna Johnson,Male,Mexico,University of Toronto
39,William Johnson,Female,Japan,University of Barcelona
40,Lily Chen,Female,Ireland,MIT
41,Jackson Lee,Male,Brazil,University of Amsterdam
42,Harper Khan,Female,India,MIT
43,Ava Nguyen,Male,Norway,University of Amsterdam
44,Oliver Nguyen,Male,Singapore,University of Lahore
45,Liam Kim,Female,Netherlands,University of Lahore
46,Alexander Smith,Female,Norway,MIT
47,Mason Wilson,Female,Singapore,University of Cape Town
48,Ethan Khan,Male,Spain,University of Tokyo
49,Mia Lee,Male,United Kingdom,Technical University of Munich
50,Mason Gonzalez,Female,France,University of Bologna
51,Noah Wilson,Female,India,University of Sydney
52,Evelyn Martinez,Female,India,University of the Philippines
53,William Martinez,Female,Spain,University of Hanoi
54,Oliver Khan,Female,South Korea,University of Oslo
55,Harper Thompson,Female,Netherlands,National University of Singapore
56,Isabella Rodriguez,Male,Pakistan,University of Hanoi
57,Harper Walker,Female,Brazil,MIT
58,Benjamin Clark,Female,Argentina,MIT
59,Mia Martinez,Male,Mexico,MIT
60,Lucas Clark,Male,Argentina,University of Oxford
61,Sophia Perez,Male,South Korea,University of Toronto
62,Amelia Patel,Female,Japan,University of Bologna
63,Sophia Patel,Female,Sweden,University of Bologna
64,Oliver Lee,Male,Australia,Trinity College Dublin
65,Ethan Davis,Female,Canada,National University of Singapore
66,Ethan Brown,Female,China,MIT
67,Ava Lee,Female,Netherlands,University of Tokyo
68,Charlotte Nguyen,Female,Chile,University of Hanoi
69,Noah Singh,Female,Brazil,Peking University
70,Amelia Singh,Female,Norway,National University of Singapore
71,Evelyn Gonzalez,Male,China,University of Oxford
72,Lucas Thompson,Female,Netherlands,University of Oslo
73,Liam Gonzalez,Female,Spain,Seoul National University
74,Liam Walker,Female,Germany,University of Barcelona
75,Noah Chen,Male,Japan,Technical University of Munich
76,Evelyn Johnson,Female,India,UNAM
77,William Adams,Female,Chile,University of Hanoi
78,Evelyn Wilson,Male,Singapore,Trinity College Dublin
79,Ethan Garcia,Male,Netherlands,MIT
80,Olivia Singh,Male,Pakistan,University of Chile
81,Luna Kim,Female,Mexico,University of Toronto
82,Ava Wright,Male,Germany,University of Oxford
83,Sophia Rodriguez,Female,Vietnam,University of Toronto
84,Emma Wright,Male,Sweden,University of Buenos Aires
85,Sofia Martinez,Male,Mexico,Technical University of Munich
86,Oliver Johnson,Male,Germany,University of Tokyo
87,Amelia Lee,Female,India,Technical University of Munich
88,James Brown,Male,France,University of Oslo
89,Oliver Perez,Male,Vietnam,University of Amsterdam
90,Lucas Thompson,Female,Germany,Technical University of Munich
91,Mason Martinez,Female,United Kingdom,Seoul National University
92,Mia Martinez,Female,China,Harvard University
93,Henry Singh,Male,Italy,Seoul National University
94,Harper White,Male,Spain,University of Buenos Aires
95,Alexander Lee,Female,Mexico,National University of Singapore
96,Evelyn Taylor,Male,Italy,University of Lahore
97,Noah Wright,Male,Ireland,University of Hanoi
98,Luna Chen,Female,South Korea,University of Amsterdam
99,Sofia Kim,Male,Spain,MIT
100,Mason Garcia,Female,Ireland,Uppsala University
101,Liam Perez,Female,Norway,University of Amsterdam
102,Lily Adams,Male,Philippines,University of Lahore
103,Liam Thompson,Female,France,National University of Singapore
104,Emma Patel,Male,France,University of Tokyo
105,Mason White,Female,Japan,University of Cape Town
106,Benjamin Clark,Male,Mexico,University of Buenos Aires
107,Alexander Thompson,Male,Philippines,University of Amsterdam
108,Oliver White,Female,South Korea,National University of Singapore
109,Sophia Khan,Female,Netherlands,IIT Bombay
110,James Nguyen,Female,Pakistan,University of Chile
111,James Thompson,Female,Singapore,UNAM
112,Olivia Smith,Male,Italy,University of Sydney
113,Olivia Johnson,Male,Japan,MIT
114,Ava Kim,Female,Canada,MIT
115,Alexander Chen,Male,Spain,University of Hanoi
116,Benjamin Lee,Male,Philippines,Trinity College Dublin
117,Mason Garcia,Female,India,University of Sydney
118,Charlotte Singh,Male,Spain,University of Tokyo
119,Ava Wilson,Male,Norway,IIT Bombay
120,Charlotte Walker,Male,United States,University of Oxford
121,Charlotte Garcia,Male,Japan,University of Sydney
122,Oliver Singh,Male,Ireland,University of Amsterdam
123,Sofia Walker,Female,Singapore,Trinity College Dublin
124,Alexander Gonzalez,Male,Brazil,University of Barcelona
125,Alexander Adams,Female,Norway,University of Chile
126,Oliver Clark,Female,United States,University of Bologna
127,Evelyn Anderson,Male,Chile,University of Oslo
128,Olivia Davis,Male,Singapore,University of Amsterdam
129,William Brown,Female,Singapore,University of Chile
130,Harper White,Female,Germany,University of Amsterdam
131,Ava Martinez,Female,South Africa,Sorbonne University
132,Oliver Adams,Female,Brazil,University of Buenos Aires
133,Ava Martinez,Male,Sweden,IIT Bombay
134,Lucas Nguyen,Male,India,University of Lahore
135,Lily Davis,Female,China,University of Oxford
136,Olivia Johnson,Male,India,University of Amsterdam
137,Harper Johnson,Male,United States,University of Tokyo
138,Olivia Martinez,Female,United Kingdom,University of Buenos Aires
139,Jackson Anderson,Female,Ireland,National University of Singapore
140,William Smith,Female,Chile,University of Bologna
141,Harper Patel,Male,United States,University of Toronto
142,Emma Khan,Male,Germany,University of Tokyo
143,Henry Perez,Female,China,University of Chile
144,Evelyn Wright,Male,South Korea,MIT
145,Emma Davis,Female,Sweden,National University of Singapore
146,Charlotte Nguyen,Female,United Kingdom,University of Oxford
147,Sofia Clark,Female,Chile,University of Amsterdam
148,Benjamin Rodriguez,Female,Mexico,Seoul National University
149,Henry Khan,Male,United Kingdom,Technical University of Munich
150,Isabella Walker,Female,India,University of Chile
151,Sofia Wilson,Male,United States,Harvard University
152,Charlotte Nguyen,Male,Norway,University of Barcelona
153,Alexander Walker,Male,Chile,UNAM
154,Harper Chen,Male,Argentina,University of Oslo
155,Lily Clark,Male,South Africa,University of Bologna
156,Mia Kim,Male,Chile,University of Toronto
157,Luna White,Male,Chile,University of Lahore
158,Luna Gonzalez,Female,Pakistan,University of Lahore
159,Luna Wright,Female,United States,University of Chile
160,James Adams,Male,Canada,University of Toronto
161,Mason Martinez,Male,United States,University of Amsterdam
162,Ava Chen,Male,Brazil,University of Buenos Aires
163,James Davis,Male,South Korea,UNAM
164,Olivia Adams,Female,Canada,University of Lahore
165,Lucas Thompson,Male,Japan,University of Chile
166,Oliver Rodriguez,Female,Canada,University of Tokyo
167,William Anderson,Male,Japan,Peking University
168,Jackson Kim,Female,Spain,University of the Philippines
169,Liam Khan,Female,Philippines,Trinity College Dublin
170,Olivia Garcia,Female,Argentina,University of Tokyo
171,Mason Smith,Male,France,Seoul National University
172,Henry Taylor,Female,Netherlands,University of Tokyo
173,Emma Perez,Female,Japan,University of Barcelona
174,Olivia Garcia,Male,South Africa,University of Hanoi
175,Ava Lee,Male,Pakistan,IIT Bombay
176,Sofia Lee,Male,France,University of the Philippines
177,Harper Nguyen,Female,France,Technical University of Munich
178,Isabella Lee,Female,Ireland,Peking University
179,James Kim,Female,Netherlands,University of Sydney
180,Sofia Lee,Male,South Africa,Harvard University
181,Olivia Davis,Male,Netherlands,University of Lahore
182,Ethan Smith,Male,Philippines,Peking University
183,Ava White,Male,Sweden,University of Hanoi
184,Emma Smith,Female,Sweden,University of Sydney
185,Liam Khan,Female,Chile,IIT Bombay
186,Ava Taylor,Female,Argentina,Uppsala University
187,Lucas Lee,Male,Italy,University of Tokyo
188,Lucas Perez,Female,Argentina,University of Buenos Aires
189,Harper Johnson,Male,Ireland,MIT
190,Jackson Martinez,Female,Italy,University of Oxford
191,Luna Anderson,Male,Chile,Harvard University
192,Jackson Singh,Male,Spain,University of Amsterdam
193,Noah Khan,Female,Sweden,Sorbonne University
194,Harper Brown,Female,Argentina,University of Oxford
195,Sofia Davis,Male,Brazil,Peking University
196,Ava Wright,Female,Chile,Seoul National University
197,Mason Thompson,Female,Vietnam,IIT Bombay
198,Henry Perez,Male,Netherlands,Trinity College Dublin
199,Luna Rodriguez,Male,Sweden,IIT Bombay
200,Oliver Adams,Male,Vietnam,Trinity College Dublin
201,William Wilson,Male,Sweden,Trinity College Dublin
202,Sofia Kim,Female,Brazil,National University of Singapore
203,Olivia Gonzalez,Male,Italy,National University of Singapore
204,Jackson Khan,Female,South Korea,University of Chile
205,Luna Smith,Male,India,IIT Bombay
206,Alexander Rodriguez,Female,Singapore,University of the Philippines
207,Sofia Walker,Male,Germany,University of Oxford
208,Benjamin Khan,Male,Canada,University of Lahore
209,Sophia Rodriguez,Female,Australia,University of Oxford
210,Lily Wilson,Female,Chile,Peking University
211,Emma Patel,Female,Japan,University of Cape Town
212,Mia Taylor,Male,Vietnam,University of Toronto
213,Ava Clark,Male,United Kingdom,University of Lahore
214,Olivia Taylor,Female,France,University of Cape Town
215,Charlotte Chen,Male,Japan,University of Toronto
216,Liam Smith,Female,Germany,University of Buenos Aires
217,Olivia Martinez,Male,Sweden,National University of Singapore
218,Benjamin Taylor,Male,Germany,University of Barcelona
219,Noah Thompson,Male,Japan,University of Lahore
220,Lily Wright,Male,Mexico,Harvard University
221,William Garcia,Female,France,Trinity College Dublin
222,Mia Adams,Female,United States,University of Buenos Aires
223,Isabella Nguyen,Male,Norway,University of Tokyo
224,Noah Patel,Male,Italy,University of Toronto
225,William Brown,Female,Canada,University of Toronto
226,Mia Anderson,Male,France,University of Tokyo
227,Noah Wright,Female,Pakistan,University of Oxford
228,Henry Perez,Female,South Korea,University of the Philippines
229,James Patel,Male,Argentina,University of Buenos Aires
230,Noah Lee,Male,Canada,National University of Singapore
231,Luna Rodriguez,Female,Vietnam,University of the Philippines
232,Lucas Adams,Female,Singapore,MIT
233,Benjamin Davis,Female,Ireland,Harvard University
234,Olivia Adams,Female,Italy,University of Sydney
235,Jackson Wilson,Female,Argentina,Sorbonne University
236,Ava Perez,Male,Germany,Peking University
237,Sophia Nguyen,Male,Philippines,University of Barcelona
238,Emma Wright,Male,China,University of Bologna
239,Noah White,Male,Argentina,University of Tokyo
240,Isabella Lee,Female,Canada,Technical University of Munich
241,Noah Walker,Female,France,University of Barcelona
242,Amelia Rodriguez,Female,Argentina,University of Buenos Aires
243,Henry Clark,Female,Australia,National University of Singapore
244,Jackson Smith,Male,India,University of Tokyo
245,Mason Lee,Male,United States,University of Lahore
246,Harper Clark,Female,South Africa,University of Chile
247,Ava Gonzalez,Female,Philippines,University of Chile
248,Mason Perez,Male,Canada,MIT
249,Charlotte Perez,Female,Spain,National University of Singapore
250,Henry Singh,Male,Italy,IIT Bombay
251,Luna Clark,Female,Ireland,Technical University of Munich
252,James Martinez,Male,Philippines,University of Bologna
253,Henry Johnson,Female,Philippines,Harvard University
254,Olivia Chen,Female,India,Peking University
255,Liam Clark,Male,Germany,Peking University
256,William Chen,Male,Ireland,MIT
257,Lucas Chen,Male,Sweden,University of Oslo
258,Lucas Martinez,Female,Sweden,University of Sydney
259,Oliver Khan,Female,Vietnam,Sorbonne University
260,William Kim,Male,South Korea,University of Oxford
261,Evelyn Adams,Female,Argentina,University of the Philippines
262,Henry Rodriguez,Male,Netherlands,Peking University
263,Benjamin Lee,Female,France,Harvard University
264,Harper Perez,Female,Australia,University of Amsterdam
265,Charlotte Clark,Male,Spain,University of Buenos Aires
266,Mia Smith,Female,South Africa,Trinity College Dublin
267,Henry Adams,Male,Singapore,University of Hanoi
268,Olivia Lee,Female,Pakistan,University of Barcelona
269,Ethan Adams,Male,Italy,MIT
270,Mason Taylor,Female,Vietnam,IIT Bombay
271,James Johnson,Male,Vietnam,Peking University
272,Jackson Khan,Male,South Korea,University of Lahore
273,Benjamin Nguyen,Female,Singapore,MIT
274,Noah Davis,Male,Philippines,University of Chile
275,Lily Khan,Female,Germany,MIT
276,Sofia Rodriguez,Male,Norway,University of Bologna
277,Luna Lee,Male,Spain,MIT
278,Charlotte Walker,Male,Japan,Peking University
279,Noah Thompson,Male,Norway,Harvard University
280,Olivia Wilson,Female,Australia,National University of Singapore
281,Sophia Johnson,Male,United Kingdom,University of Oslo
282,William White,Female,South Africa,University of Hanoi
283,Noah Khan,Female,Ireland,University of Lahore
284,Benjamin Anderson,Female,Germany,University of Oxford
285,William Thompson,Male,Japan,IIT Bombay
286,Alexander White,Female,Brazil,Uppsala University
287,James Anderson,Female,France,Technical University of Munich
288,Isabella Adams,Female,Canada,National University of Singapore
289,Emma Davis,Female,Australia,University of Lahore
290,Henry Smith,Male,India,Harvard University
291,Mia Anderson,Male,Argentina,MIT
292,Lucas Davis,Female,United States,UNAM
293,Oliver Perez,Male,India,UNAM
294,Emma Rodriguez,Female,China,Harvard University
295,Mason Rodriguez,Male,Australia,Peking University
296,Lily Garcia,Female,Argentina,University of Toronto
297,Oliver Lee,Female,Japan,University of Buenos Aires
298,Mason Johnson,Female,Argentina,Harvard University
299,Sophia Davis,Female,Norway,Sorbonne University
300,Lucas Chen,Male,South Korea,Technical University of Munich
301,Lily Wright,Female,Argentina,University of Amsterdam
302,Isabella Khan,Female,Japan,University of Tokyo
303,Evelyn Brown,Female,United States,University of the Philippines
304,Luna Perez,Female,Australia,Harvard University
305,Sophia Patel,Female,South Africa,University of Sydney
306,Charlotte Davis,Female,Netherlands,University of Toronto
307,Emma Rodriguez,Female,Netherlands,University of Amsterdam
308,Sofia Martinez,Male,Netherlands,University of Oxford
309,Sofia Gonzalez,Female,Australia,MIT
310,Isabella Anderson,Female,South Korea,University of Buenos Aires
311,Alexander Patel,Female,Singapore,Technical University of Munich
312,Lily Adams,Female,Netherlands,University of Barcelona
313,Mason Khan,Female,Italy,University of Bologna
314,Mason Thompson,Male,Vietnam,University of the Philippines
315,Lily Clark,Male,India,Trinity College Dublin
316,Olivia Smith,Male,Spain,University of Chile
317,Mason Smith,Female,Canada,University of Oslo
318,Noah Smith,Male,Ireland,University of Bologna
319,Isabella Anderson,Male,Germany,University of Oslo
320,Sophia Rodriguez,Female,Ireland,University of Sydney
321,Ethan Khan,Male,China,University of Oslo
322,Luna Martinez,Male,India,University of Oxford
323,William Patel,Male,Italy,University of Lahore
324,Mason Chen,Female,Chile,University of Cape Town
325,Charlotte Khan,Female,France,University of Barcelona
326,Sofia Singh,Female,United Kingdom,University of Buenos Aires
327,Luna Singh,Female,Philippines,University of Chile
328,Evelyn Smith,Female,Germany,University of Oslo
329,Harper Wilson,Male,Australia,University of Amsterdam
330,Emma Wright,Female,Canada,Seoul National University
331,Amelia Walker,Male,Australia,University of Toronto
332,Sofia Anderson,Female,Italy,University of Tokyo
333,Charlotte Perez,Male,Germany,University of Lahore
334,Jackson Garcia,Female,Norway,Trinity College Dublin
335,Mia Rodriguez,Male,France,University of Buenos Aires
336,James Wright,Male,Australia,University of Oslo
337,Harper Rodriguez,Female,Italy,University of Oslo
338,Sophia Gonzalez,Male,South Korea,University of Toronto
339,Noah Singh,Male,Pakistan,MIT
340,Henry Smith,Male,Mexico,University of Oslo
341,William Wright,Male,South Korea,Seoul National University
342,Mason Walker,Male,Ireland,University of Chile
343,Liam Walker,Male,India,University of Lahore
344,Ava Davis,Female,France,MIT
345,Benjamin Taylor,Female,Ireland,Peking University
346,Amelia Clark,Female,Pakistan,University of Amsterdam
347,Noah White,Male,Ireland,Uppsala University
348,Lily Walker,Male,India,University of Lahore
349,Ava Khan,Female,United Kingdom,University of Chile
350,Amelia Martinez,Male,France,National University of Singapore
351,Isabella Anderson,Female,Brazil,University of Barcelona
352,Luna Adams,Female,United States,University of Sydney
353,Lucas Smith,Male,Pakistan,Seoul National University
354,Jackson Thompson,Male,Ireland,University of Barcelona
355,Sophia White,Male,China,University of Oslo
356,Luna Singh,Female,Pakistan,MIT
357,Evelyn Lee,Male,Brazil,University of Toronto
358,Noah Adams,Male,Australia,University of Tokyo
359,Ethan Chen,Male,Argentina,Trinity College Dublin
360,Luna Thompson,Female,Australia,University of Chile
361,Oliver Johnson,Female,Philippines,IIT Bombay
362,Ava Singh,Male,United Kingdom,University of Oxford
363,Mia Garcia,Male,Italy,University of the Philippines
364,Mia Nguyen,Female,Brazil,University of the Philippines
365,Charlotte Brown,Male,United States,MIT
366,Oliver Lee,Male,Pakistan,Uppsala University
367,Sophia Taylor,Male,Japan,University of Chile
368,Olivia Garcia,Female,France,Technical University of Munich
369,Noah Kim,Female,South Korea,National University of Singapore
370,Alexander Nguyen,Male,South Africa,University of Tokyo
371,Alexander Martinez,Female,Pakistan,University of Cape Town
372,Alexander Wright,Male,India,Uppsala University
373,Noah Anderson,Male,South Africa,University of Barcelona
374,Olivia Adams,Male,United States,University of Cape Town
375,Charlotte Perez,Male,Mexico,National University of Singapore
376,Harper Davis,Female,Vietnam,University of Amsterdam
377,William Singh,Female,Pakistan,University of Sydney
378,Ava Walker,Female,Norway,University of Buenos Aires
379,Evelyn Thompson,Male,United Kingdom,University of Lahore
380,Henry Brown,Female,Vietnam,University of Amsterdam
381,Alexander Wright,Male,South Korea,MIT
382,Isabella Adams,Female,Sweden,Seoul National University
383,Sofia Gonzalez,Female,China,University of Oxford
384,Charlotte Wilson,Female,Germany,Uppsala University
385,Benjamin Adams,Male,Chile,Seoul National University
386,Harper Smith,Female,Japan,University of Bologna
387,Lily Clark,Female,South Africa,IIT Bombay
388,Mason Adams,Female,India,University of Buenos Aires
389,Evelyn Johnson,Female,Vietnam,University of Sydney
390,Jackson Wilson,Female,Chile,Technical University of Munich
391,Mia Rodriguez,Male,Singapore,University of Oxford
392,Noah Wilson,Female,Pakistan,University of Toronto
393,Luna Brown,Male,Mexico,University of Hanoi
394,Amelia Adams,Male,Argentina,MIT
395,Jackson Taylor,Male,Philippines,University of Sydney
396,Charlotte Khan,Female,Germany,Harvard University
397,Emma Khan,Female,Norway,University of Oslo
398,Mason Thompson,Female,Mexico,Seoul National University
399,Sophia Anderson,Female,Chile,University of Lahore
400,Ethan Kim,Female,Ireland,IIT Bombay
401,Noah Walker,Male,Singapore,Uppsala University
402,Evelyn Gonzalez,Female,Philippines,National University of Singapore
403,Emma Thompson,Female,Italy,University of Cape Town
404,Mason Anderson,Male,Singapore,Sorbonne University
405,Ethan Nguyen,Male,Vietnam,Trinity College Dublin
406,Ethan Kim,Male,Canada,University of Amsterdam
407,Oliver Gonzalez,Female,Philippines,Harvard University
408,Oliver Brown,Female,South Africa,Peking University
409,Emma White,Female,Netherlands,University of the Philippines
410,Noah Lee,Male,South Africa,Peking University
411,Isabella Thompson,Female,South Korea,Uppsala University
412,James Taylor,Female,Japan,University of Lahore
413,Lily Perez,Female,Australia,University of Tokyo
414,Jackson Lee,Female,Netherlands,IIT Bombay
415,Harper Chen,Female,Spain,University of the Philippines
416,Lily Brown,Female,Germany,University of Bologna
417,Mia Wilson,Female,Italy,University of Barcelona
418,William Taylor,Male,Norway,University of Amsterdam
419,Noah Adams,Male,Chile,University of Buenos Aires
420,Charlotte Kim,Male,Mexico,University of Bologna
421,Sofia Davis,Female,Germany,University of Cape Town
422,Ava Martinez,Male,Canada,University of Bologna
423,Benjamin Taylor,Female,Chile,UNAM
424,Alexander Smith,Male,Germany,University of Toronto
425,Sofia Patel,Female,Argentina,University of Toronto
426,Sophia Garcia,Male,France,Peking University
427,Noah Gonzalez,Female,Australia,Technical University of Munich
428,Sophia Wilson,Female,Chile,Uppsala University
429,Luna Taylor,Female,Singapore,University of Toronto
430,Noah Walker,Female,Canada,University of Buenos Aires
431,Amelia Thompson,Male,Pakistan,University of Buenos Aires
432,Sofia Singh,Male,Germany,Trinity College Dublin
433,Ethan Singh,Female,United Kingdom,University of Chile
434,Mia Patel,Male,Philippines,University of Chile
435,Ava Adams,Female,Italy,University of Buenos Aires
436,Ava Smith,Female,Pakistan,Technical University of Munich
437,Lily Clark,Female,Norway,UNAM
438,Ava Kim,Male,Philippines,Sorbonne University
439,Emma Gonzalez,Female,Philippines,University of Oslo
440,Noah Gonzalez,Female,Pakistan,Peking University
441,Evelyn Thompson,Female,France,University of Toronto
442,James Chen,Female,Mexico,Trinity College Dublin
443,Evelyn Smith,Female,Australia,MIT
444,Sofia Rodriguez,Female,South Korea,University of the Philippines
445,Ethan Taylor,Female,Sweden,Technical University of Munich
446,Isabella Singh,Female,Pakistan,Seoul National University
447,Mia Kim,Female,South Korea,University of Buenos Aires
448,William Perez,Male,Australia,University of Lahore
449,Sofia Lee,Male,Vietnam,University of Lahore
450,Lily Brown,Male,Australia,University of Chile
451,Mason Smith,Female,Chile,University of Lahore
452,Sofia Smith,Male,Australia,University of the Philippines
453,Harper Anderson,Female,Norway,University of Lahore
454,Benjamin Clark,Male,Vietnam,University of Amsterdam
455,Charlotte Perez,Female,France,University of Hanoi
456,Charlotte Johnson,Male,Norway,University of Buenos Aires
457,Charlotte Taylor,Female,Singapore,University of Cape Town
458,William Patel,Male,Norway,University of Tokyo
459,James Gonzalez,Female,France,National University of Singapore
460,Sofia White,Male,Sweden,Seoul National University
461,Ethan Singh,Male,Canada,University of Amsterdam
462,Amelia Smith,Male,South Africa,Trinity College Dublin
463,Luna Martinez,Female,Italy,Trinity College Dublin
464,James Rodriguez,Female,Pakistan,Technical University of Munich
465,Liam Johnson,Male,United States,University of Oxford
466,Jackson Anderson,Female,Philippines,UNAM
467,Mason Gonzalez,Male,Philippines,University of Bologna
468,Sophia Khan,Male,Ireland,Technical University of Munich
469,Isabella Davis,Male,Ireland,University of Tokyo
470,Sofia Wright,Female,France,University of Barcelona
471,Jackson Nguyen,Male,Netherlands,University of the Philippines
472,William Lee,Female,Pakistan,University of Oxford
473,Isabella Wilson,Male,Chile,Trinity College Dublin
474,Ava Gonzalez,Male,Pakistan,University of Chile
475,Luna Taylor,Female,Japan,Peking University
476,Henry Smith,Male,Vietnam,Uppsala University
477,Isabella Johnson,Female,Italy,Seoul National University
478,Benjamin Khan,Male,Italy,Seoul National University
479,Ethan Patel,Male,Netherlands,Uppsala University
480,William Rodriguez,Male,Philippines,University of Hanoi
481,Henry Clark,Male,Canada,University of Lahore
482,Amelia Brown,Male,Japan,University of Chile
483,Emma Brown,Male,Australia,Trinity College Dublin
484,Harper Smith,Female,South Africa,Harvard University
485,James Nguyen,Female,Canada,University of Toronto
486,Lucas Thompson,Female,Mexico,University of Barcelona
487,James White,Male,South Korea,Seoul National University
488,Harper Nguyen,Male,Sweden,UNAM
489,Liam Clark,Female,Ireland,University of Hanoi
490,Evelyn Anderson,Male,Norway,University of Hanoi
491,Alexander Nguyen,Male,Sweden,University of Oxford
492,Alexander Perez,Female,Sweden,University of the Philippines
493,Amelia Martinez,Female,Mexico,Peking University
494,Olivia Thompson,Male,France,University of Sydney
495,Harper Adams,Male,India,University of Hanoi
496,Mason Davis,Female,Pakistan,Sorbonne University
497,James Smith,Male,Canada,IIT Bombay
498,Noah Perez,Female,France,Sorbonne University
499,Ava Adams,Female,South Africa,Harvard University
500,Ethan Anderson,Male,Japan,Uppsala University
501,Olivia Adams,Female,Vietnam,MIT
502,Mason White,Female,Singapore,University of the Philippines
503,Jackson Patel,Female,India,University of Buenos Aires
504,Benjamin Rodriguez,Male,United Kingdom,University of Cape Town
505,Lily Clark,Male,Philippines,Peking University
506,Mia Wilson,Male,Spain,Technical University of Munich
507,Amelia Walker,Female,Japan,Trinity College Dublin
508,Evelyn Khan,Male,China,IIT Bombay
509,Charlotte Davis,Female,Italy,University of the Philippines
510,James Singh,Female,India,University of Toronto
511,Lucas Walker,Male,Norway,Harvard University
512,Liam Clark,Female,France,Seoul National University
513,Mason Nguyen,Male,Spain,University of Bologna
514,Oliver Gonzalez,Female,South Korea,University of Oxford
515,James Wright,Female,Canada,University of Oslo
516,Mia Smith,Female,Vietnam,University of Chile
517,Mason Thompson,Male,Singapore,Technical University of Munich
518,Emma Clark,Male,Philippines,University of Toronto
519,Jackson Brown,Female,Sweden,University of Hanoi
520,Alexander Brown,Female,Netherlands,University of Lahore
521,Alexander Johnson,Male,Spain,IIT Bombay
522,Olivia Adams,Female,South Africa,Uppsala University
523,James Patel,Male,Ireland,Uppsala University
524,Liam Smith,Female,South Korea,Peking University
525,Charlotte Smith,Female,Argentina,Sorbonne University
526,Mason Wilson,Female,Chile,University of Barcelona
527,Sofia Perez,Male,Philippines,University of Toronto
528,Sofia Khan,Female,South Korea,Technical University of Munich
529,Oliver Lee,Female,Vietnam,Sorbonne University
530,Ava Perez,Female,Australia,University of Hanoi
531,Lucas Gonzalez,Female,Norway,Seoul National University
532,Alexander Patel,Male,Canada,University of Chile
533,Oliver Wilson,Male,Canada,University of Bologna
534,Ethan Rodriguez,Female,Canada,University of Oxford
535,Sofia Brown,Male,Chile,University of Tokyo
536,Henry Perez,Female,Vietnam,University of Bologna
537,William Khan,Female,Argentina,University of Cape Town
538,Sophia Khan,Male,Japan,IIT Bombay
539,Lucas Johnson,Male,South Africa,University of Lahore
540,Alexander Kim,Male,Singapore,IIT Bombay
541,Mason Clark,Female,United States,University of Toronto
542,Ethan Taylor,Male,South Africa,University of Barcelona
543,Isabella Adams,Male,Australia,University of Oxford
544,Lucas Lee,Male,Spain,University of Buenos Aires
545,Benjamin Singh,Male,South Africa,IIT Bombay
546,Benjamin Nguyen,Male,India,IIT Bombay
547,Luna Patel,Male,Ireland,University of the Philippines
548,Isabella Adams,Female,Singapore,University of Barcelona
549,Noah Kim,Male,Singapore,MIT
550,Evelyn Gonzalez,Male,United States,MIT
551,Ethan Johnson,Female,Spain,University of Cape Town
552,Noah Chen,Male,Singapore,University of Cape Town
553,Isabella Nguyen,Female,India,University of the Philippines
554,James Patel,Female,South Africa,Harvard University
555,Mia Garcia,Female,Singapore,Uppsala University
556,Emma Walker,Male,Canada,Uppsala University
557,Amelia Rodriguez,Male,Singapore,University of Buenos Aires
558,Lucas Davis,Female,Japan,Technical University of Munich
559,Isabella Taylor,Male,China,University of Oslo
560,Oliver Rodriguez,Male,Germany,UNAM
561,Emma Singh,Male,Norway,MIT
562,Emma Gonzalez,Male,Brazil,UNAM
563,James Smith,Female,Philippines,National University of Singapore
564,Jackson Khan,Female,Norway,Seoul National University
565,Alexander Brown,Male,Canada,University of Cape Town
566,Noah Nguyen,Female,Spain,University of Sydney
567,Sofia Wright,Female,China,University of Buenos Aires
568,Harper Khan,Male,Vietnam,University of the Philippines
569,Olivia Brown,Male,Netherlands,Trinity College Dublin
570,Olivia Brown,Male,Pakistan,University of Barcelona
571,Emma Gonzalez,Female,United States,Uppsala University
572,Noah Taylor,Female,South Africa,Technical University of Munich
573,Sofia Clark,Female,Sweden,UNAM
574,Mason Martinez,Female,Philippines,University of Amsterdam
575,Mason Nguyen,Male,China,University of Oslo
576,William Brown,Male,Italy,University of Barcelona
577,Olivia Kim,Female,South Africa,University of the Philippines
578,Lily Martinez,Male,Pakistan,University of the Philippines
579,Henry Nguyen,Female,France,University of Chile
580,Luna Wright,Female,Australia,Sorbonne University
581,William Anderson,Male,Italy,University of Oxford
582,Harper Gonzalez,Male,United States,Seoul National University
583,Luna Chen,Female,Pakistan,University of Chile
584,Jackson Taylor,Female,South Africa,University of Hanoi
585,Benjamin Gonzalez,Male,France,UNAM
586,James Gonzalez,Female,Singapore,Sorbonne University
587,Noah Rodriguez,Male,Spain,University of Lahore
588,Charlotte Lee,Female,Vietnam,University of Sydney
589,Olivia Rodriguez,Male,United Kingdom,University of Barcelona
590,Ava Adams,Male,Argentina,Technical University of Munich
591,James Martinez,Female,Japan,Uppsala University
592,Benjamin Rodriguez,Female,United States,University of the Philippines
593,Amelia Wright,Male,South Africa,Seoul National University
594,Amelia Thompson,Female,United States,Technical University of Munich
595,Jackson Gonzalez,Male,Argentina,University of Toronto
596,William Rodriguez,Female,United States,University of Bologna
597,Henry Patel,Male,South Korea,Sorbonne University
598,Mason Walker,Female,Mexico,MIT
599,Henry Wilson,Female,Philippines,University of the Philippines
600,Henry Singh,Male,South Korea,University of Bologna
601,Isabella Anderson,Male,Japan,Peking University
602,James Gonzalez,Male,Ireland,Harvard University
603,Mia Lee,Male,Mexico,Seoul National University
604,Alexander Perez,Female,Brazil,University of Sydney
605,Ethan Anderson,Male,China,University of Bologna
606,Liam Wright,Female,Argentina,Uppsala University
607,Charlotte White,Male,Italy,University of Cape Town
608,Benjamin Walker,Female,Mexico,University of Amsterdam
609,Ava Wilson,Male,Philippines,MIT
610,Mason Davis,Female,India,Uppsala University
611,Oliver Garcia,Female,Brazil,Trinity College Dublin
612,Harper Thompson,Male,United Kingdom,MIT
613,Noah Rodriguez,Male,Norway,University of Oxford
614,Oliver White,Male,Japan,University of Hanoi
615,Luna Wilson,Male,Argentina,Trinity College Dublin
616,Luna White,Male,Argentina,University of Amsterdam
617,Jackson Johnson,Male,United States,Harvard University
618,Harper Nguyen,Male,South Africa,National University of Singapore
619,Ethan Perez,Male,Argentina,Uppsala University
620,Harper Anderson,Male,Germany,University of Buenos Aires
621,James Wilson,Male,Argentina,MIT
622,Oliver Garcia,Male,Mexico,Uppsala University
623,James Gonzalez,Female,South Korea,National University of Singapore
624,Oliver Brown,Male,Netherlands,University of the Philippines
625,Liam Johnson,Female,United Kingdom,University of Chile
626,Jackson Lee,Female,Italy,Harvard University
627,Jackson Patel,Female,Mexico,Seoul National University
628,Jackson Khan,Male,Chile,Sorbonne University
629,Harper Rodriguez,Female,Chile,University of Hanoi
630,Ethan Johnson,Female,Sweden,University of Amsterdam
631,Isabella Adams,Female,United Kingdom,University of Lahore
632,Lily Lee,Female,South Korea,Seoul National University
633,Mia Taylor,Male,Chile,Peking University
634,Emma Perez,Female,Italy,Technical University of Munich
635,Evelyn Johnson,Female,Spain,Sorbonne University
636,Liam Wilson,Male,Brazil,National University of Singapore
637,Isabella Brown,Female,Singapore,Seoul National University
638,Lucas Thompson,Male,Pakistan,University of Sydney
639,Isabella Perez,Female,Canada,Peking University
640,Alexander Nguyen,Female,South Korea,Peking University
641,Sophia Anderson,Male,Germany,University of Oxford
642,Charlotte Wilson,Female,Mexico,IIT Bombay
643,William Nguyen,Female,South Africa,University of Barcelona
644,Ethan Taylor,Female,South Africa,Sorbonne University
645,Mia Gonzalez,Male,Australia,University of Buenos Aires
646,Evelyn Gonzalez,Female,Singapore,University of Toronto
647,Henry Kim,Female,Mexico,Sorbonne University
648,Henry Anderson,Male,Ireland,University of Cape Town
649,Mason Brown,Male,Spain,University of Tokyo
650,Alexander Adams,Female,Netherlands,University of Oxford
651,Ethan Wilson,Male,Netherlands,University of Buenos Aires
652,Amelia Johnson,Female,Pakistan,University of Oslo
653,Lily Kim,Male,Mexico,University of Lahore
654,Amelia Walker,Female,Ireland,University of Oxford
655,William Adams,Male,United States,National University of Singapore
656,Charlotte Adams,Male,Vietnam,University of Buenos Aires
657,Jackson Wilson,Female,Philippines,Sorbonne University
658,Luna Clark,Male,Germany,University of Chile
659,James Johnson,Male,Australia,University of Oxford
660,Amelia Smith,Female,France,Sorbonne University
661,Sophia Wilson,Male,China,University of Bologna
662,Sofia Clark,Female,Argentina,University of Cape Town
663,Henry Walker,Female,South Africa,Technical University of Munich
664,Benjamin Clark,Female,Netherlands,Harvard University
665,Benjamin Perez,Male,France,University of Chile
666,Sophia Johnson,Female,Singapore,University of the Philippines
667,Harper Anderson,Male,Norway,University of Amsterdam
668,Liam Chen,Female,Netherlands,University of the Philippines
669,Olivia White,Female,Singapore,Harvard University
670,Sophia Davis,Male,Canada,Seoul National University
671,Jackson Garcia,Male,Spain,University of Toronto
672,Ava Garcia,Male,Argentina,University of Tokyo
673,Mia Kim,Male,Singapore,IIT Bombay
674,Lucas Adams,Female,Norway,University of Tokyo
675,Harper Brown,Female,Mexico,University of Toronto
676,Lily Wright,Male,Philippines,UNAM
677,Harper Davis,Female,Sweden,UNAM
678,Sophia Garcia,Male,India,Trinity College Dublin
679,Mia Davis,Male,United Kingdom,University of Bologna
680,Olivia Taylor,Female,Singapore,University of Chile
681,Isabella Martinez,Female,Sweden,University of Tokyo
682,James Taylor,Female,Vietnam,University of Oslo
683,Sofia Kim,Female,Italy,IIT Bombay
684,Emma Garcia,Male,Philippines,Sorbonne University
685,William Wright,Male,India,MIT
686,Oliver Gonzalez,Female,Spain,Uppsala University
687,Lily Kim,Male,Mexico,National University of Singapore
688,James Johnson,Female,Chile,Sorbonne University
689,Olivia White,Female,Germany,Peking University
690,Lily Nguyen,Female,South Africa,Seoul National University
691,Ava Chen,Male,Brazil,UNAM
692,Olivia Johnson,Female,Vietnam,University of Lahore
693,Liam Garcia,Male,Netherlands,Sorbonne University
694,Liam Martinez,Male,Spain,Peking University
695,Isabella Adams,Female,South Korea,University of Sydney
696,Ethan Lee,Female,Vietnam,University of Hanoi
697,Mia Singh,Male,Singapore,Peking University
698,Sofia Anderson,Female,Spain,University of Sydney
699,Oliver Wright,Male,United States,University of Hanoi
700,William Perez,Female,Japan,Harvard University
701,Benjamin Patel,Male,Norway,National University of Singapore
702,Lily Martinez,Male,Ireland,University of Lahore
703,Ava Wright,Male,Argentina,Harvard University
704,Jackson Taylor,Male,Singapore,University of Bologna
705,Amelia Perez,Male,Philippines,Peking University
706,Charlotte Wilson,Male,United Kingdom,Peking University
707,Isabella Kim,Male,South Korea,University of Sydney
708,Olivia Rodriguez,Male,Norway,University of Amsterdam
709,Luna Johnson,Female,Brazil,University of Chile
710,Evelyn Gonzalez,Male,Mexico,University of Oxford
711,William Adams,Female,Japan,University of Cape Town
712,Henry Rodriguez,Female,Sweden,Uppsala University
713,Sophia Clark,Male,France,University of the Philippines
714,Mia Brown,Female,Pakistan,University of Bologna
715,Charlotte Anderson,Female,Spain,University of Hanoi
716,James Walker,Male,Norway,Sorbonne University
717,Jackson Perez,Male,United States,Technical University of Munich
718,Mason Singh,Female,Sweden,Sorbonne University
719,Charlotte Davis,Male,China,University of Hanoi
720,Ava Taylor,Female,United Kingdom,University of Toronto
721,Mason Walker,Male,France,University of Toronto
722,Oliver Wilson,Male,Australia,University of Oxford
723,Benjamin Walker,Male,Australia,University of Oslo
724,Henry Smith,Female,Brazil,University of Bologna
725,Oliver Garcia,Male,Ireland,University of Tokyo
726,Luna Perez,Female,Sweden,IIT Bombay
727,Charlotte Taylor,Male,Netherlands,University of Sydney
728,Henry Thompson,Female,Vietnam,University of Barcelona
729,Sofia Wright,Female,Japan,University of Cape Town
730,Mia Lee,Female,Netherlands,University of Hanoi
731,Amelia White,Male,South Africa,Harvard University
732,Lily Thompson,Male,Vietnam,Trinity College Dublin
733,Benjamin Clark,Male,Brazil,Trinity College Dublin
734,William Taylor,Female,Brazil,University of Chile
735,Henry Clark,Female,Germany,Sorbonne University
736,Ethan Nguyen,Male,Norway,Technical University of Munich
737,Benjamin Walker,Female,Singapore,University of Lahore
738,Ava Khan,Female,Pakistan,UNAM
739,Lily Smith,Male,Germany,University of Sydney
740,Henry Martinez,Female,Norway,University of the Philippines
741,Liam Lee,Female,Sweden,University of Tokyo
742,Lucas Khan,Male,Norway,Sorbonne University
743,Oliver Rodriguez,Male,South Korea,Sorbonne University
744,William Clark,Male,Brazil,Uppsala University
745,Sophia Chen,Female,Argentina,University of the Philippines
746,Henry Adams,Male,India,Uppsala University
747,Lucas Brown,Female,United Kingdom,Peking University
748,Ava Walker,Male,Vietnam,University of Sydney
749,Charlotte Taylor,Female,South Korea,University of Tokyo
750,James Wright,Female,South Africa,University of Toronto
751,Luna Martinez,Female,Philippines,University of Bologna
752,Luna Thompson,Female,Singapore,University of Amsterdam
753,Amelia Rodriguez,Female,Norway,IIT Bombay
754,Alexander Brown,Female,Vietnam,University of Oxford
755,Ethan White,Male,India,Peking University
756,Evelyn Rodriguez,Male,Spain,University of Cape Town
757,Luna Nguyen,Female,Spain,University of Hanoi
758,Liam Martinez,Female,Norway,Peking University
759,Isabella Singh,Female,India,University of Sydney
760,James Anderson,Male,Philippines,Technical University of Munich
761,Lucas Walker,Female,Singapore,Peking University
762,James Chen,Male,Pakistan,Peking University
763,Mason Wilson,Male,Italy,IIT Bombay
764,Noah Taylor,Female,Chile,IIT Bombay
765,Noah Chen,Female,Sweden,University of Amsterdam
766,Ava Martinez,Female,Germany,University of Amsterdam
767,Liam Brown,Female,Pakistan,University of Oslo
768,Lily Nguyen,Female,Brazil,University of Sydney
769,Lily Wright,Female,Australia,University of Chile
770,Sofia Wilson,Male,Spain,Trinity College Dublin
771,Lily Garcia,Male,Ireland,University of Oxford
772,Ethan Perez,Female,Vietnam,MIT
773,Olivia Wilson,Male,Germany,University of Barcelona
774,Mason Chen,Female,South Korea,University of Hanoi
775,Jackson Taylor,Male,Netherlands,University of Sydney
776,Mia Nguyen,Male,South Africa,Peking University
777,Luna Thompson,Male,Norway,Sorbonne University
778,Emma Perez,Female,Argentina,University of Oslo
779,James Brown,Female,Germany,Seoul National University
780,Emma Adams,Male,Sweden,MIT
781,Sofia Anderson,Female,Germany,Sorbonne University
782,Isabella Khan,Female,Germany,Sorbonne University
783,Lucas Singh,Female,Italy,MIT
784,Ethan Brown,Female,Norway,University of Tokyo
785,Harper Lee,Female,France,Seoul National University
786,Ethan Martinez,Male,Pakistan,National University of Singapore
787,Alexander Anderson,Male,United Kingdom,Uppsala University
788,Henry Perez,Female,South Korea,Seoul National University
789,Oliver Nguyen,Male,Mexico,University of Barcelona
790,Oliver Johnson,Male,Brazil,University of Tokyo
791,Emma Taylor,Male,Germany,University of Barcelona
792,Benjamin Smith,Male,Germany,IIT Bombay
793,Benjamin Martinez,Male,South Korea,UNAM
794,Luna Davis,Female,South Korea,Trinity College Dublin
795,Sofia Singh,Female,Pakistan,University of Cape Town
796,Evelyn Wright,Female,Australia,University of Oxford
797,Sophia Gonzalez,Male,France,IIT Bombay
798,Mia Gonzalez,Female,South Korea,University of Buenos Aires
799,Emma Patel,Female,Australia,University of Oxford
800,Oliver Brown,Male,France,National University of Singapore
801,Liam Singh,Male,Singapore,Technical University of Munich
802,Noah Perez,Female,South Africa,University of Bologna
803,Sofia Wright,Male,Singapore,University of Oslo
804,Evelyn Rodriguez,Male,South Korea,UNAM
805,Luna Wilson,Male,Mexico,Trinity College Dublin
806,William Taylor,Male,India,Uppsala University
807,Emma Nguyen,Female,Chile,Peking University
808,Amelia Nguyen,Female,Norway,University of Oxford
809,Amelia Wilson,Male,China,University of the Philippines
810,Alexander Garcia,Male,Australia,National University of Singapore
811,Mason Taylor,Female,Italy,University of Cape Town
812,Amelia Adams,Female,South Africa,University of Tokyo
813,Alexander Walker,Male,Pakistan,Technical University of Munich
814,Amelia Chen,Male,Philippines,Uppsala University
815,Henry Wilson,Female,Singapore,National University of Singapore
816,Henry Walker,Female,Norway,University of Barcelona
817,Liam Adams,Female,China,University of Barcelona
818,Benjamin Martinez,Female,United States,Uppsala University
819,Lucas Nguyen,Male,China,University of Tokyo
820,Lucas Rodriguez,Male,Canada,University of Buenos Aires
821,James Anderson,Male,Singapore,Uppsala University
822,Henry Garcia,Male,Brazil,University of Buenos Aires
823,William Garcia,Female,Japan,University of Sydney
824,Mia Wright,Female,United Kingdom,University of Bologna
825,Lucas Nguyen,Male,Sweden,University of Amsterdam
826,Luna Taylor,Female,Spain,University of Sydney
827,Emma Rodriguez,Male,Pakistan,University of Lahore
828,Oliver Taylor,Male,South Korea,University of Sydney
829,Jackson Wright,Female,France,Trinity College Dublin
830,Charlotte Khan,Female,Brazil,University of Hanoi
831,William Wilson,Female,Japan,University of Oslo
832,Charlotte Patel,Male,India,National University of Singapore
833,Alexander Davis,Male,Philippines,Technical University of Munich
834,Oliver Clark,Male,Netherlands,Uppsala University
835,Evelyn Martinez,Male,Vietnam,University of Lahore
836,Harper Smith,Male,Vietnam,University of Amsterdam
837,James Davis,Male,Vietnam,University of Sydney
838,Lucas Thompson,Male,United Kingdom,University of the Philippines
839,Henry Johnson,Male,United Kingdom,University of Amsterdam
840,Henry Perez,Female,Vietnam,MIT
841,Isabella Lee,Female,India,University of Lahore
842,Harper Nguyen,Female,Mexico,Trinity College Dublin
843,Liam Nguyen,Female,Vietnam,University of Tokyo
844,Amelia Thompson,Female,South Korea,University of Bologna
845,Liam Wilson,Male,Netherlands,University of Amsterdam
846,Ethan Thompson,Female,Australia,Uppsala University
847,Lily Adams,Female,Chile,IIT Bombay
848,Charlotte Anderson,Female,Mexico,University of Oslo
849,Amelia Lee,Male,India,University of the Philippines
850,Sofia Chen,Female,Spain,IIT Bombay
851,Olivia Lee,Male,Philippines,Trinity College Dublin
852,Sofia White,Male,Argentina,University of Bologna
853,Henry Singh,Male,United States,University of Lahore
854,Amelia White,Male,Mexico,Sorbonne University
855,James Adams,Female,China,Harvard University
856,Henry Adams,Male,United States,Harvard University
857,Amelia Lee,Male,India,University of Hanoi
858,Harper Taylor,Male,Singapore,University of Sydney
859,Liam Wilson,Female,South Korea,University of Bologna
860,Henry Brown,Female,France,University of Oxford
861,Ethan Garcia,Female,Spain,Peking University
862,Alexander Smith,Female,Netherlands,University of Hanoi
863,Sofia Anderson,Male,Pakistan,Sorbonne University
864,Benjamin Davis,Male,South Africa,Technical University of Munich
865,William Taylor,Female,Philippines,Technical University of Munich
866,Henry Kim,Male,Netherlands,University of Chile
867,Henry Gonzalez,Female,Spain,UNAM
868,Luna Adams,Male,Argentina,University of Bologna
869,Amelia Singh,Female,India,Seoul National University
870,Noah Walker,Male,Spain,University of Chile
871,Benjamin Johnson,Male,Brazil,University of Bologna
872,Ethan Singh,Male,Mexico,University of Chile
873,Mason Anderson,Male,South Korea,UNAM
874,Luna Johnson,Male,Netherlands,Seoul National University
875,William Wilson,Female,Italy,University of the Philippines
876,Luna Kim,Female,India,University of Bologna
877,Luna Smith,Female,China,UNAM
878,Luna Davis,Male,South Korea,University of Cape Town
879,Oliver Nguyen,Female,South Africa,Harvard University
880,Mason Smith,Female,France,Uppsala University
881,Sofia Walker,Female,South Africa,University of Cape Town
882,Olivia Lee,Male,Mexico,Harvard University
883,Charlotte Khan,Female,Norway,University of Bologna
884,Charlotte Chen,Female,United States,University of Bologna
885,Harper Martinez,Female,Pakistan,Seoul National University
886,Lucas Brown,Female,Sweden,Sorbonne University
887,Noah Perez,Male,Norway,University of Buenos Aires
888,Evelyn Rodriguez,Female,South Africa,University of Chile
889,Harper Taylor,Male,France,University of Barcelona
890,Oliver Khan,Female,South Africa,University of Oxford
891,Isabella Singh,Male,Pakistan,University of Cape Town
892,Benjamin Lee,Male,Pakistan,University of Barcelona
893,Henry Nguyen,Female,Mexico,Harvard University
894,Olivia Rodriguez,Male,Argentina,Harvard University
895,Ethan Kim,Female,France,University of Chile
896,Sofia Khan,Female,China,University of Toronto
897,Noah Chen,Female,Brazil,University of Chile
898,Harper Anderson,Male,Mexico,Trinity College Dublin
899,Mia Gonzalez,Female,Japan,University of Amsterdam
900,William Martinez,Male,Brazil,University of Tokyo
901,Lily Taylor,Male,Pakistan,University of Buenos Aires
902,Liam Garcia,Female,France,University of Barcelona
903,Amelia Adams,Male,Germany,MIT
904,Alexander Wilson,Female,Norway,University of Cape Town
905,Emma White,Female,Germany,MIT
906,Noah Rodriguez,Male,Philippines,University of Sydney
907,Harper Brown,Female,United States,Trinity College Dublin
908,Lily Brown,Female,France,Sorbonne University
909,Alexander Lee,Male,Sweden,University of Bologna
910,Lily Gonzalez,Female,United States,University of Toronto
911,Sophia Chen,Female,Ireland,Trinity College Dublin
912,Alexander Kim,Female,United States,University of Cape Town
913,Lucas Clark,Male,South Korea,Harvard University
914,Liam Martinez,Female,United Kingdom,University of Barcelona
915,Jackson Martinez,Male,South Korea,University of Toronto
916,James Garcia,Male,Germany,University of Bologna
917,Jackson Clark,Male,Canada,University of Tokyo
918,Jackson Thompson,Male,Vietnam,University of Barcelona
919,Mia Wright,Male,Chile,University of Oxford
920,Henry Wilson,Female,Philippines,University of Cape Town
921,Sofia Kim,Male,Singapore,National University of Singapore
922,Sophia Walker,Male,Germany,University of Chile
923,Charlotte Kim,Male,Canada,Peking University
924,Luna Smith,Female,Norway,University of Buenos Aires
925,Harper Kim,Female,Argentina,University of Buenos Aires
926,Evelyn Rodriguez,Female,Japan,University of Cape Town
927,Luna White,Female,Philippines,Uppsala University
928,Evelyn Taylor,Male,Argentina,University of Barcelona
929,Sofia Rodriguez,Female,Spain,Peking University
930,Luna White,Female,Singapore,University of Barcelona
931,Lucas Martinez,Male,Chile,University of Oxford
932,Olivia Walker,Female,Australia,University of Oslo
933,Charlotte Khan,Female,Italy,Uppsala University
934,Lily Perez,Male,South Korea,University of Bologna
935,Luna Clark,Male,Pakistan,University of Chile
936,Lily Clark,Female,Chile,University of Sydney
937,Emma Davis,Female,South Korea,University of Barcelona
938,Harper Brown,Female,Spain,Uppsala University
939,Evelyn Khan,Female,Italy,University of Buenos Aires
940,Lily Brown,Female,France,Peking University
941,Noah Rodriguez,Female,Netherlands,MIT
942,Liam Gonzalez,Male,Japan,University of Lahore
943,Oliver Walker,Male,Japan,University of Buenos Aires
944,Ethan White,Male,Netherlands,National University of Singapore
945,Harper Adams,Male,Argentina,Peking University
946,Benjamin White,Female,Canada,University of Sydney
947,Amelia Adams,Male,Argentina,Peking University
948,Luna Clark,Male,China,Seoul National University
949,Isabella Walker,Male,United Kingdom,National University of Singapore
950,Lucas Davis,Male,United Kingdom,University of Chile
951,Charlotte Singh,Female,Canada,Technical University of Munich
952,Noah Adams,Male,Chile,Peking University
953,Isabella Wilson,Female,South Africa,University of Barcelona
954,James Garcia,Male,Netherlands,Technical University of Munich
955,Olivia Rodriguez,Male,South Africa,MIT
956,Benjamin Patel,Female,South Korea,Peking University
957,Noah Kim,Male,Japan,University of the Philippines
958,Evelyn Perez,Male,Ireland,Harvard University
959,Luna Garcia,Male,Brazil,National University of Singapore
960,Mason Chen,Female,Canada,University of Hanoi
961,Isabella Thompson,Male,United Kingdom,Harvard University
962,Lucas Gonzalez,Female,Australia,University of Cape Town
963,William Lee,Male,India,University of Sydney
964,Lucas Brown,Male,United Kingdom,University of Hanoi
965,Jackson Taylor,Female,China,University of Sydney
966,Olivia Singh,Male,United Kingdom,Technical University of Munich
967,Olivia Brown,Male,Philippines,University of Buenos Aires
968,Jackson Martinez,Male,Spain,University of Oslo
969,Luna Clark,Female,Italy,University of Oslo
970,Mason Davis,Male,Vietnam,University of Lahore
971,Jackson Anderson,Female,Canada,University of Toronto
972,William Lee,Female,Pakistan,MIT
973,Benjamin Wright,Male,Sweden,University of Sydney
974,Evelyn Wilson,Female,United Kingdom,Peking University
975,Lily Adams,Male,Mexico,University of Chile
976,Ethan Davis,Male,Netherlands,University of Toronto
977,Charlotte Johnson,Male,Sweden,Harvard University
978,Harper Rodriguez,Male,Germany,Trinity College Dublin
979,Liam Smith,Female,Mexico,Trinity College Dublin
980,Mia Wilson,Female,Ireland,Seoul National University
981,Noah Perez,Male,Argentina,University of Oxford
982,Jackson Anderson,Male,United States,Technical University of Munich
983,Evelyn Martinez,Female,Brazil,University of Lahore
984,Lucas Kim,Female,Argentina,Seoul National University
985,Charlotte Walker,Female,United States,National University of Singapore
986,Mason Gonzalez,Female,Argentina,University of Tokyo
987,Jackson White,Male,South Korea,University of Amsterdam
988,Sophia Rodriguez,Female,Ireland,University of Toronto
989,William Wright,Male,Philippines,University of Tokyo
990,Sofia Clark,Female,Italy,University of the Philippines
991,Luna Walker,Male,Netherlands,Harvard University
992,Mia Smith,Male,Netherlands,University of Oslo
993,Luna Johnson,Male,Brazil,University of Hanoi
994,Oliver Wright,Female,United Kingdom,University of the Philippines
995,Lucas Kim,Male,Pakistan,UNAM
996,Mason Brown,Female,Canada,University of Amsterdam
997,Lucas Anderson,Female,Argentina,IIT Bombay
998,Luna Thompson,Female,Brazil,University of the Philippines
999,Alexander Chen,Male,United Kingdom,University of Bologna
1000,Harper Thompson,Female,Norway,University of Lahore